{"primaryThemeColor":"#0B0C0C","secondaryThemeColor":"#0B0C0C","tertiaryThemeColor":"#B10E1E","themeColor":"#0B0C0C","gutterColor":"white","pageColor":"white","disabledThemeColor":"#6F777B","pageWidth":900,"focus":{"outline":"solid 2px #0B0C0C"},"header":{"fontSize":"x-large","fontWeight":"normal","color":"#000","backgroundColor":"#fff","fontStyle":"normal"},"footer":{"fontFamily":"\"nta\", Arial, Helvetica, sans-serif","fontSize":"small","fontWeight":"normal","color":"#0b0c0c","backgroundColor":"rgb(222,224,226)","fontStyle":"normal"},"interview":{"fontFamily":"\"nta\", Helvetica,Arial,Verdana,sans-serif","fontWeight":"normal","backgroundColor":"white","fontStyle":"normal"},"screenTitle":{"fontFamily":"\"nta\", Arial, Helvetica, sans-serif","fontSize":"36px","fontWeight":"bold","fontStyle":"normal"},"question":{"fontFamily":"\"nta\", Arial, Helvetica, sans-serif","fontWeight":"normal","fontStyle":"normal"},"control":{"fontFamily":"\"nta\", Arial, Helvetica, sans-serif","fontWeight":"normal","fontStyle":"normal"},"stagesFillColor":"White","stagesTopColor":"White","stagesBottomColor":"White","activeStageColor":"#0B0C0C","useActiveStageColor":true,"completeStageColor":"#00823B","incompleteStageColor":"#B10E1E","futureStageColor":"#6F777B","activeScreenColor":"#0B0C0C","completeScreenColor":"#00823B","incompleteScreenColor":"#B10E1E","exitFooterFillColor":"white","exitFooterTopColor":"#DEE0E2","activeStage":{"fontWeight":"normal","color":"#3F3F3F","backgroundColor":"white","fontStyle":"normal"},"incompleteStage":{"fontWeight":"normal","color":"#3F3F3F","backgroundColor":"white","fontStyle":"normal"},"futureStage":{"fontWeight":"normal","color":"#727780","backgroundColor":"White","fontStyle":"normal"},"completeStage":{"fontWeight":"normal","color":"#3F3F3F","backgroundColor":"White","fontStyle":"normal"},"activeScreen":{"fontWeight":"bold","color":"#1474bf","backgroundColor":"white","fontStyle":"normal"},"incompleteScreen":{"fontWeight":"normal","color":"#3F3F3F","backgroundColor":"white","fontStyle":"normal"},"completeScreen":{"fontWeight":"normal","color":"#3f3f3f","backgroundColor":"White","fontStyle":"normal"},"submitProgress":{"fontSize":"large","fontWeight":"normal","color":"Black","backgroundColor":"#ffffff","fontStyle":"normal"},"h1":{"fontFamily":"\"nta\", Arial, Helvetica, sans-serif","fontSize":"36px","fontWeight":"bold","color":"#0B0C0C","fontStyle":"normal"},"h2":{"fontFamily":"\"nta\", Arial, Helvetica, sans-serif","fontSize":"24px","fontWeight":"bold","color":"#0B0C0C","fontStyle":"normal"},"h3":{"fontFamily":"\"nta\", Arial, Helvetica, sans-serif","fontSize":"19px","fontWeight":"bold","color":"#0B0C0C","fontStyle":"italic"},"h4":{"fontFamily":"\"nta\", Arial, Helvetica, sans-serif","fontSize":"19px","fontWeight":"bold","color":"#0B0C0C","fontStyle":"normal"},"h5":{"fontWeight":"bold","color":"#0B0C0C","fontStyle":"normal"},"h6":{"fontFamily":"\"nta\", Arial, Helvetica, sans-serif","fontWeight":"normal","color":"#6F777B","fontStyle":"normal"},"alert":{"fontFamily":"\"nta\", Arial, Helvetica, sans-serif","fontWeight":"bold","color":"#005EA5","fontStyle":"normal"},"comment":{"fontFamily":"\"nta\", Arial, Helvetica, sans-serif","fontSize":"14px","fontWeight":"normal","color":"#6f6780","fontStyle":"normal"},"normal":{"fontFamily":"\"nta\", Arial, Helvetica, sans-serif","fontWeight":"normal","color":"#0B0C0C","fontStyle":"normal"},"error":{"fontSize":"19px","fontWeight":"bold","color":"#B10E1E","fontStyle":"normal"},"warning":{"fontWeight":"normal","color":"#fff","backgroundColor":"#B95C00","fontStyle":"normal"},"screenPopup":{"fontWeight":"normal","fontStyle":"normal"},"tableHeader":{"fontFamily":"\"nta\", Arial, Helvetica, sans-serif","fontSize":"normal","fontWeight":"bold","color":"#0B0C0C","backgroundColor":"#fff","fontStyle":"normal"},"instanceOdd":{"fontWeight":"normal","color":"black","backgroundColor":"white","fontStyle":"normal"},"instanceEven":{"fontWeight":"normal","color":"black","backgroundColor":"white","fontStyle":"normal"},"addButton":{"fontFamily":"\"nta\", Arial, Helvetica, sans-serif","fontSize":"19px","fontWeight":"normal","color":"Black","backgroundColor":"LightGray","fontStyle":"normal","borderRadius":"0px"},"removeButton":{"fontFamily":"\"nta\", Arial, Helvetica, sans-serif","fontSize":"19PX","fontWeight":"normal","color":"#005ea5","backgroundColor":"white","fontStyle":"normal","borderRadius":"0px"},"next":{"fontFamily":"\"nta\", Arial, Helvetica, sans-serif","fontSize":"19px","fontWeight":"normal","color":"white","backgroundColor":"#00823B","fontStyle":"normal","borderRadius":"0px"},"back":{"fontFamily":"\"nta\", Arial, Helvetica, sans-serif","fontSize":"16px","fontWeight":"normal","color":"#0b0c0c","backgroundColor":"white","fontStyle":"normal","borderRadius":"0px"},"exit":{"fontFamily":"\"nta\", Arial, Helvetica, sans-serif","fontSize":"19px","fontWeight":"normal","color":"#005EA5","backgroundColor":"white","fontStyle":"normal","borderRadius":"6px 6px 6px 6px"},"restart":{"fontSize":"16px","fontWeight":"normal","color":"#fff","backgroundColor":"#0B0C0C","fontStyle":"normal","borderRadius":"6px 6px 6px 6px"},"clearSignatureButton":{"fontFamily":"\"nta\", Arial, Helvetica, sans-serif","fontSize":"19px","fontWeight":"normal","color":"#0B0C0C","backgroundColor":"#DEE0E2","fontStyle":"normal","borderRadius":"6px 6px 6px 6px"}}