{"captcha-length":6,"captcha-image-height":50,"captcha-image-width":200,"captcha-image-line":"curved","captcha-image-distortion":"dropshadow","captcha-image-background":"gradient","header-alt":"Oracle Policy Automation","hide-header":false,"hide-header-embedded":false,"header-image-link":"","header-title":"GOVUK-OPA-Mobile-Demo","hide-footer":true,"hide-footer-embedded":true,"show-progress-stages":false,"hide-progress-stages-embedded":true,"show-screen-title":true,"show-screen-list":false,"warnIfUnsaved":false,"show-submit-progress":false,"show-submit-progress-image":false,"allow-random-access":false,"show-icon-on-active-stage":false,"signature-line-height":75,"signature-height":100,"signature-width":498,"include-back-button":true,"show-application-name":false,"show-calendar-icon":true,"show-calendar-dt-icon":true,"error-icon":"${resources-root}\/images\/ee627ea4-8bec-4952-bc8c-93cb9ddd86f6.bmp","max-search-results":20,"multi-line-rows":5,"enforce-attachment-whitelist":false}