<?xml version="1.0" encoding="utf-8"?><rulebase region="en-GB" timezone="Etc/GMT"><entity text="Global" name="global" has-public-name="true" singleton="true"><attribute name="GBL_MOBILE_IS_EASY" has-public-name="true" type="Boolean" /><attribute name="GBL_LOGIC_USES_OPA" has-public-name="true" type="Boolean" /><attribute name="GBL_APPLICATION_USES_MAF" has-public-name="true" type="Boolean" /></entity><rules module="GOVUK-OPA-Mobile-Demo:1585E9F893A7865C292AD6BF7A40D574"><conclude attr-id="GBL_MOBILE_IS_EASY" entity-id="global" scope-id="global0"><value><true-value /></value><condition><and><attribute attr-id="GBL_LOGIC_USES_OPA" /><attribute attr-id="GBL_APPLICATION_USES_MAF" /></and></condition><otherwise><false-value /></otherwise></conclude></rules></rulebase>